--
-- PostgreSQL database dump
--

-- Dumped from database version 13.2
-- Dumped by pg_dump version 13.2

-- Started on 2021-04-25 14:16:40

SET statement_timeout = 0;
SET lock_timeout = 0;
SET idle_in_transaction_session_timeout = 0;
SET client_encoding = 'UTF8';
SET standard_conforming_strings = on;
SELECT pg_catalog.set_config('search_path', '', false);
SET check_function_bodies = false;
SET xmloption = content;
SET client_min_messages = warning;
SET row_security = off;

SET default_tablespace = '';

SET default_table_access_method = heap;

--
-- TOC entry 204 (class 1259 OID 16415)
-- Name: aluguel; Type: TABLE; Schema: public; Owner: postgres
--

CREATE TABLE public.aluguel (
    datainicio date NOT NULL,
    datadevolucao date NOT NULL,
    cidade character(30) NOT NULL,
    estado character(30) NOT NULL,
    idveiculo integer NOT NULL,
    funcionario integer NOT NULL,
    idaluguel integer NOT NULL,
    idcliente integer NOT NULL,
    datareserva date DEFAULT (now())::date,
    kminicial double precision,
    status character(1) DEFAULT 'A'::bpchar NOT NULL
);


ALTER TABLE public.aluguel OWNER TO postgres;

--
-- TOC entry 210 (class 1259 OID 16497)
-- Name: cliente; Type: TABLE; Schema: public; Owner: postgres
--

CREATE TABLE public.cliente (
    idcliente integer NOT NULL,
    nome character(65) NOT NULL,
    telefone character(10) NOT NULL,
    celular character(11) NOT NULL,
    logradouro character(60) NOT NULL,
    numero character(6) NOT NULL,
    bairro character(30) NOT NULL,
    cidade character(30) NOT NULL,
    estado character(30) NOT NULL,
    datanascimento date NOT NULL,
    cpfcnpj character(14) NOT NULL,
    numcnh character(11) NOT NULL,
    validadecnh date NOT NULL,
    email character(120) NOT NULL
);


ALTER TABLE public.cliente OWNER TO postgres;

--
-- TOC entry 209 (class 1259 OID 16495)
-- Name: cliente_idcliente_seq; Type: SEQUENCE; Schema: public; Owner: postgres
--

CREATE SEQUENCE public.cliente_idcliente_seq
    AS integer
    START WITH 1
    INCREMENT BY 1
    NO MINVALUE
    NO MAXVALUE
    CACHE 1;


ALTER TABLE public.cliente_idcliente_seq OWNER TO postgres;

--
-- TOC entry 3036 (class 0 OID 0)
-- Dependencies: 209
-- Name: cliente_idcliente_seq; Type: SEQUENCE OWNED BY; Schema: public; Owner: postgres
--

ALTER SEQUENCE public.cliente_idcliente_seq OWNED BY public.cliente.idcliente;


--
-- TOC entry 202 (class 1259 OID 16400)
-- Name: funcionario; Type: TABLE; Schema: public; Owner: postgres
--

CREATE TABLE public.funcionario (
    idfuncionario integer NOT NULL,
    nome character(65),
    telefone character(10),
    logradouro character(60),
    numero character(6),
    bairro character(30),
    cidade character(30),
    estado character(30),
    datanascimento date,
    cpf character(11),
    dataadmissao date,
    senha character(100) NOT NULL,
    celular character(10)
);


ALTER TABLE public.funcionario OWNER TO postgres;

--
-- TOC entry 208 (class 1259 OID 16456)
-- Name: idaluguel_seq; Type: SEQUENCE; Schema: public; Owner: postgres
--

ALTER TABLE public.aluguel ALTER COLUMN idaluguel ADD GENERATED BY DEFAULT AS IDENTITY (
    SEQUENCE NAME public.idaluguel_seq
    START WITH 1
    INCREMENT BY 1
    NO MINVALUE
    MAXVALUE 99999999
    CACHE 1
);


--
-- TOC entry 207 (class 1259 OID 16454)
-- Name: idcliente_seq; Type: SEQUENCE; Schema: public; Owner: postgres
--

CREATE SEQUENCE public.idcliente_seq
    START WITH 1
    INCREMENT BY 1
    NO MINVALUE
    NO MAXVALUE
    CACHE 1;


ALTER TABLE public.idcliente_seq OWNER TO postgres;

--
-- TOC entry 205 (class 1259 OID 16429)
-- Name: idveiculo_seq; Type: SEQUENCE; Schema: public; Owner: postgres
--

CREATE SEQUENCE public.idveiculo_seq
    START WITH 1
    INCREMENT BY 1
    NO MINVALUE
    NO MAXVALUE
    CACHE 1;


ALTER TABLE public.idveiculo_seq OWNER TO postgres;

--
-- TOC entry 211 (class 1259 OID 16526)
-- Name: lixo; Type: TABLE; Schema: public; Owner: postgres
--

CREATE TABLE public.lixo (
    campo text
);


ALTER TABLE public.lixo OWNER TO postgres;

--
-- TOC entry 203 (class 1259 OID 16410)
-- Name: veiculo; Type: TABLE; Schema: public; Owner: postgres
--

CREATE TABLE public.veiculo (
    modelo character(30) NOT NULL,
    placa character(8) NOT NULL,
    ano character(4) NOT NULL,
    idveiculo integer NOT NULL,
    motor character(3) NOT NULL,
    marca character(90),
    quilometragem double precision
);


ALTER TABLE public.veiculo OWNER TO postgres;

--
-- TOC entry 206 (class 1259 OID 16431)
-- Name: veiculo_idveiculo_seq; Type: SEQUENCE; Schema: public; Owner: postgres
--

ALTER TABLE public.veiculo ALTER COLUMN idveiculo ADD GENERATED BY DEFAULT AS IDENTITY (
    SEQUENCE NAME public.veiculo_idveiculo_seq
    START WITH 1
    INCREMENT BY 1
    NO MINVALUE
    MAXVALUE 999
    CACHE 1
);


--
-- TOC entry 2879 (class 2604 OID 16500)
-- Name: cliente idcliente; Type: DEFAULT; Schema: public; Owner: postgres
--

ALTER TABLE ONLY public.cliente ALTER COLUMN idcliente SET DEFAULT nextval('public.cliente_idcliente_seq'::regclass);


--
-- TOC entry 3023 (class 0 OID 16415)
-- Dependencies: 204
-- Data for Name: aluguel; Type: TABLE DATA; Schema: public; Owner: postgres
--

COPY public.aluguel (datainicio, datadevolucao, cidade, estado, idveiculo, funcionario, idaluguel, idcliente, datareserva, kminicial, status) FROM stdin;
2021-03-06	2021-06-08	rio branco                    	Acre                          	1	123456	13	7	2021-04-25	20000	A
2021-07-20	2021-08-30	Belo Horizonte                	Minas Gerais                  	9	123456	14	8	2021-04-25	80000	A
2021-05-30	2021-06-01	Belo Horizonte                	Minas Gerais                  	10	123456	15	9	2021-04-25	80000	A
2021-05-06	2021-05-25	Rio Branco                    	Acre                          	3	123456	16	10	2021-04-25	45000	A
2021-08-05	2021-09-28	Cuiabá                        	Mato Grosso                   	4	136694	4	4	2021-04-25	35000	A
0005-08-06	2009-08-05	a                             	Acre                          	1	123456	6	1	2021-04-25	20000	A
2022-01-06	2021-07-27	barreiras                     	Bahia                         	5	123456	2	1	2021-04-24	65000	A
2021-08-06	2021-08-26	Juazeiro                      	Pernambuco                    	5	123456	7	1	2021-04-25	65000	A
2021-08-08	2021-08-09	aaa                           	Pernambuco                    	4	123456	5	1	2021-04-25	35000	A
2021-06-10	2021-06-18	barreiras                     	Bahia                         	5	136694	3	1	2021-04-25	65000	A
2021-08-06	2021-08-26	Campo Grande                  	Mato Grosso do Sul            	7	123456	8	1	2021-04-25	10000	A
2021-08-06	2021-08-30	Rio de Janeiro                	Rio de Janeiro                	5	136694	9	5	2021-04-25	65000	A
2000-02-05	2000-03-05	rio branco                    	Acre                          	1	123456	11	5	2021-04-25	20000	A
2021-07-22	2021-07-27	buzios                        	Rio de Janeiro                	3	123456	10	1	2021-04-25	45000	A
2021-08-30	2021-09-04	rio branco                    	Acre                          	5	123456	12	1	2021-04-25	65000	A
\.


--
-- TOC entry 3029 (class 0 OID 16497)
-- Dependencies: 210
-- Data for Name: cliente; Type: TABLE DATA; Schema: public; Owner: postgres
--

COPY public.cliente (idcliente, nome, telefone, celular, logradouro, numero, bairro, cidade, estado, datanascimento, cpfcnpj, numcnh, validadecnh, email) FROM stdin;
2	Leticia Araujo dos Santos                                        	1113845558	96169888   	rua japones                                                 	389   	zona sul                      	São Paulo                     	São Paulo                     	1992-03-23	19989317565   	38759247632	2022-03-22	letlindinha@hotmail.com                                                                                                 
3	Juliana                                                          	6336124112	6381229721 	rua oliveirinha                                             	123   	vila brasil                   	Juazeiro                      	Piau\\xC3\\xAD                  	2000-09-09	12345671209   	98765432100	2022-05-06	email@example.c...                                                                                                      
1	Nilma Lorenna Carneiro Rios                                      	7736345678	7798761023 	rua barão de cotegipe                                       	198   	jk                            	Barreiras                     	Bahia                         	2000-07-12	87835479193   	49693457759	2026-06-13	milenacarneirorios1234@gmail.com                                                                                        
4	Milena Rios                                                      	7749862751	77948521674	rua oliveirinha                                             	123   	centro                        	barreiras                     	Bahia                         	2001-03-13	48936175200   	75641239875	2022-05-06	milenacarneirorios1234@gmail.com                                                                                        
5	Beatriz Teixeira de Oliveira da Silva                            	6362587415	63956742381	rua das flores                                              	456   	vila izabel                   	João Pessoa                   	Paraíba                       	1997-02-06	15678941235   	15963287415	2022-05-06	milenacarneiro83@hotmail.com                                                                                            
6	Maria da Silva                                                   	7769845126	77984563217	rua b                                                       	638   	zona sul                      	São Paulo                     	São Paulo                     	1999-03-05	15674189326   	85637426981	2022-05-06	milenacarneiro83@hotmail.com                                                                                            
7	Maria Antonieta                                                  	6365789412	63896552187	alameda 12                                                  	190   	206 sul                       	Palmas                        	Tocantins                     	2000-03-06	56398425916   	96385274115	2022-08-20	milena.rios@mail.uft.edu.br                                                                                             
8	Milena Carneiro Rios de Oliveira                                 	7786124795	77963228874	rua jose bonifacil                                          	854   	centro                        	Barreiras                     	Bahia                         	2001-03-13	15974385215   	96385274156	2021-08-20	milena.rios@mail.uft.edu.br                                                                                             
9	Aline Rose Alencar Santos                                        	6396845271	63875416329	rua das flores                                              	963   	centro                        	Araguaina                     	Tocantins                     	2002-07-30	85296374115   	96375315946	2022-08-20	milena.rios@mail.uft.edu.br                                                                                             
10	Ary Henrique                                                     	6362158947	63985632478	rua das flores                                              	963   	405 norte                     	Palmas                        	Tocantins                     	1999-05-03	15678942316   	96374185216	2022-08-30	milena.rios@mail.uft.edu.br                                                                                             
\.


--
-- TOC entry 3021 (class 0 OID 16400)
-- Dependencies: 202
-- Data for Name: funcionario; Type: TABLE DATA; Schema: public; Owner: postgres
--

COPY public.funcionario (idfuncionario, nome, telefone, logradouro, numero, bairro, cidade, estado, datanascimento, cpf, dataadmissao, senha, celular) FROM stdin;
123456	Aline Rose Alencar Santos                                        	6332458917	rua oliveira gazpar                                         	987   	108 sul                       	Palmas                        	Tocantins                     	1980-07-30	70455836220	2000-11-20	cd2a287b6f1f4c10f70bced4d1abcc55                                                                    	6392587419
654321	Milena Carneiro Rios                                             	7782654712	rua jose bonifacio                                          	149   	208 sul                       	Palmas                        	Tocantins                     	1997-03-13	77865945101	2018-11-30	7a841a7635f97747fef19a3fa99dac40                                                                    	7736124112
291869	Kaio Henrique de Jesus Santos                                    	6332587412	rua santa maria                                             	987   	Taquaralto                    	Palmas                        	Tocantins                     	1990-09-03	82764867143	2020-01-14	2964f43ec1c803f88334827fab2568b3                                                                    	6392587363
684252	Maria Eduarda Rodrigues Lima                                     	6330374379	rua NS-B                                                    	90    	405 Norte                     	Palmas                        	Tocantins                     	1960-06-07	86673246179	1980-03-01	533f98f30416f5a9c918aaa0df430852                                                                    	6392655194
695582	Antonio André Barcelos Chagas                                    	6334927685	Avenida LO-11                                               	36    	402 Sul                       	Palmas                        	Tocantins                     	1990-10-27	99561527866	2010-12-11	044b279e7bc860592aa2d0f67b69fdeb                                                                    	6392962162
136694	Andressa Calixto da Silva                                        	7736758877	rua Orlando de Carvalho                                     	410   	Morada da Lua                 	Palmas                        	Tocantins                     	2000-12-26	49284984799	2021-01-10	164af556de870ebaf6267839112d45ee                                                                    	7799414892
\.


--
-- TOC entry 3030 (class 0 OID 16526)
-- Dependencies: 211
-- Data for Name: lixo; Type: TABLE DATA; Schema: public; Owner: postgres
--

COPY public.lixo (campo) FROM stdin;
<body style="text-align: center;">\r\n    <h1 style="color:green;">\r\n            GeeksforGeeks\r\n        </h1>\r\n    <h2>\r\n            Window confirm() Method\r\n        </h2>\r\n  \r\n    <button onclick="geek()">Click me!</button>\r\n  \r\n    <p id="g"></p>\r\n  \r\n    <script>\r\n        function geek() {\r\n            var doc;\r\n            var result = confirm("Press a button!");\r\n            if (result == true) {\r\n                doc = "OK was pressed.";\r\n            } else {\r\n                doc = "Cancel was pressed.";\r\n            }\r\n            document.getElementById("g").innerHTML = doc;\r\n        }\r\n    </script>
\.


--
-- TOC entry 3022 (class 0 OID 16410)
-- Dependencies: 203
-- Data for Name: veiculo; Type: TABLE DATA; Schema: public; Owner: postgres
--

COPY public.veiculo (modelo, placa, ano, idveiculo, motor, marca, quilometragem) FROM stdin;
ONIX                          	ART-438A	2020	1	1.6	Chevrolet                                                                                 	20000
HB20                          	SJO-9286	2018	2	1.8	Hyundai                                                                                   	15000
GOL                           	MAU-831V	2016	3	1.4	Volkswagen                                                                                	45000
FORD KA                       	SIM-812N	2017	4	1.8	FORD                                                                                      	35000
ARGO                          	MOL-9216	2015	5	1.8	fiat                                                                                      	65000
KWID                          	KEN-8410	2019	6	1.6	Renault                                                                                   	5000
MOBI                          	EIN-842H	2020	7	1.6	Fiat                                                                                      	10000
POLO                          	AIJ-9410	2020	8	1.6	Volkswagen                                                                                	50000
SANDERO                       	GJD-7130	2019	9	1.6	Renault                                                                                   	80000
UNO                           	FJD-454W	2010	10	1.0	Fiat                                                                                      	80000
\.


--
-- TOC entry 3037 (class 0 OID 0)
-- Dependencies: 209
-- Name: cliente_idcliente_seq; Type: SEQUENCE SET; Schema: public; Owner: postgres
--

SELECT pg_catalog.setval('public.cliente_idcliente_seq', 10, false);


--
-- TOC entry 3038 (class 0 OID 0)
-- Dependencies: 208
-- Name: idaluguel_seq; Type: SEQUENCE SET; Schema: public; Owner: postgres
--

SELECT pg_catalog.setval('public.idaluguel_seq', 16, true);


--
-- TOC entry 3039 (class 0 OID 0)
-- Dependencies: 207
-- Name: idcliente_seq; Type: SEQUENCE SET; Schema: public; Owner: postgres
--

SELECT pg_catalog.setval('public.idcliente_seq', 10, true);


--
-- TOC entry 3040 (class 0 OID 0)
-- Dependencies: 205
-- Name: idveiculo_seq; Type: SEQUENCE SET; Schema: public; Owner: postgres
--

SELECT pg_catalog.setval('public.idveiculo_seq', 1, false);


--
-- TOC entry 3041 (class 0 OID 0)
-- Dependencies: 206
-- Name: veiculo_idveiculo_seq; Type: SEQUENCE SET; Schema: public; Owner: postgres
--

SELECT pg_catalog.setval('public.veiculo_idveiculo_seq', 10, true);


--
-- TOC entry 2885 (class 2606 OID 16462)
-- Name: aluguel aluguel_pkey; Type: CONSTRAINT; Schema: public; Owner: postgres
--

ALTER TABLE ONLY public.aluguel
    ADD CONSTRAINT aluguel_pkey PRIMARY KEY (idaluguel);


--
-- TOC entry 2887 (class 2606 OID 16502)
-- Name: cliente cliente_pkey; Type: CONSTRAINT; Schema: public; Owner: postgres
--

ALTER TABLE ONLY public.cliente
    ADD CONSTRAINT cliente_pkey PRIMARY KEY (idcliente);


--
-- TOC entry 2881 (class 2606 OID 16404)
-- Name: funcionario funcionario_pkey; Type: CONSTRAINT; Schema: public; Owner: postgres
--

ALTER TABLE ONLY public.funcionario
    ADD CONSTRAINT funcionario_pkey PRIMARY KEY (idfuncionario);


--
-- TOC entry 2883 (class 2606 OID 16414)
-- Name: veiculo veiculo_pkey; Type: CONSTRAINT; Schema: public; Owner: postgres
--

ALTER TABLE ONLY public.veiculo
    ADD CONSTRAINT veiculo_pkey PRIMARY KEY (idveiculo);


--
-- TOC entry 2890 (class 2606 OID 16508)
-- Name: aluguel cliente; Type: FK CONSTRAINT; Schema: public; Owner: postgres
--

ALTER TABLE ONLY public.aluguel
    ADD CONSTRAINT cliente FOREIGN KEY (idcliente) REFERENCES public.cliente(idcliente) NOT VALID;


--
-- TOC entry 2889 (class 2606 OID 16433)
-- Name: aluguel funcionario; Type: FK CONSTRAINT; Schema: public; Owner: postgres
--

ALTER TABLE ONLY public.aluguel
    ADD CONSTRAINT funcionario FOREIGN KEY (funcionario) REFERENCES public.funcionario(idfuncionario) NOT VALID;


--
-- TOC entry 2888 (class 2606 OID 16420)
-- Name: aluguel veiculo; Type: FK CONSTRAINT; Schema: public; Owner: postgres
--

ALTER TABLE ONLY public.aluguel
    ADD CONSTRAINT veiculo FOREIGN KEY (idveiculo) REFERENCES public.veiculo(idveiculo) NOT VALID;


-- Completed on 2021-04-25 14:16:53

--
-- PostgreSQL database dump complete
--

